﻿<?xml version="1.0" encoding="utf-8"?>
<ImportExportXml xmlns:xsi="http://www.w3.org/2001/XMLSchema-instance">
  <Entities>
    <Entity>
      <Name LocalizedName="Account" OriginalName="">Account</Name>
      <FormXml>
        <forms type="main">
          <systemform>
            <formid>{8448b78f-8f42-454e-8e2a-f8196b0419af}</formid>
            <IntroducedVersion>5.0.0.0</IntroducedVersion>
            <FormPresentation>1</FormPresentation>
            <FormActivationState>1</FormActivationState>
            <form showImage="true" shownavigationbar="true" maxWidth="1920" solutionaction="Modified">
              <tabs>
                <tab name="SUMMARY_TAB" id="{3b0b63a9-d379-689a-0ec3-e71eb4c6a841}" IsUserDefined="0" showlabel="true" expanded="true" locklevel="0" ordinalvalue="0">
                  <columns>
                    <column width="33%" id="0">
                      <sections>
                        <section name="ACCOUNT_INFORMATION" showlabel="true" showbar="false" id="{0eb92e6c-bcb8-0d52-a188-d81543ddb7cd}" IsUserDefined="0" layout="varwidth" columns="1" labelwidth="115" celllabelposition="Left" ordinalvalue="0">
                          <rows>
                            <row>
                              <cell id="{b0e82a7e-5683-d90c-308a-0d779377ea8a}" showlabel="true" locklevel="0" ordinalvalue="10000" solutionaction="Modified">
                                <labels>
                                  <label description="Account Name" languagecode="1033" solutionaction="Added" />
                                </labels>
                                <control id="name" classid="{4273EDBD-AC1D-40d3-9FB2-095C621B552D}" datafieldname="name" disabled="false" uniqueid="{7979d278-0216-2554-789a-0d3c12d02737}" solutionaction="Modified" />
                              </cell>
                            </row>
                            <row>
                              <cell id="{8b98a55e-a345-b20e-d46e-801e79d5c1c1}" showlabel="true" ordinalvalue="10002">
                                <labels>
                                  <label description="Fax" languagecode="1033" solutionaction="Added" />
                                </labels>
                              </cell>
                            </row>
                            <row>
                              <cell id="{e6441984-4343-813a-aa7e-e2747ad35390}" showlabel="true" ordinalvalue="10003">
                                <labels>
                                  <label description="Website" languagecode="1033" solutionaction="Added" />
                                </labels>
                              </cell>
                            </row>
                            <row>
                              <cell id="{87DE203E-B03C-44CC-8B06-438202B82553}" ordinalvalue="10004">
                                <labels>
                                  <label description="Parent Account" languagecode="1033" solutionaction="Added" />
                                </labels>
                              </cell>
                            </row>
                            <row>
                              <cell id="{5f38af3a-3307-47dc-b36d-d9a5de525e6e}" showlabel="true" ordinalvalue="10005">
                                <labels>
                                  <label description="Ticker Symbol" languagecode="1033" solutionaction="Added" />
                                </labels>
                              </cell>
                            </row>
                          </rows>
                        </section>
                        <section name="ADDRESS" showlabel="true" locklevel="0" showbar="false" id="{cc0fe06e-4b5f-4648-A62d-84d1514e1fc5}" IsUserDefined="0" layout="varwidth" columns="1" labelwidth="115" celllabelposition="Left" ordinalvalue="1">
                          <rows>
                            <row>
                              <cell id="{4913500e-605a-809b-e99e-69e2710d09bd}" showlabel="true" locklevel="0" ordinalvalue="10000">
                                <labels>
                                  <label description="Address 1" languagecode="1033" solutionaction="Added" />
                                </labels>
                              </cell>
                            </row>
                          </rows>
                        </section>
                      </sections>
                    </column>
                    <column width="25%" id="2">
                      <sections>
                        <section name="SUMMARY_TAB_section_6" showlabel="false" showbar="false" locklevel="0" id="{d4c3ee9c-ba71-5cdb-31be-2aa505750472}" IsUserDefined="0" layout="varwidth" columns="1" labelwidth="115" celllabelalignment="Left" celllabelposition="Top" ordinalvalue="1">
                          <rows>
                            <row>
                              <cell id="{b187688c-8410-5990-16ec-e153968ab583}" showlabel="true" locklevel="0" ordinalvalue="10000">
                                <labels>
                                  <label description="Primary Contact" languagecode="1033" solutionaction="Added" />
                                </labels>
                              </cell>
                            </row>
                            <row>
                              <cell id="{0F664FFF-E39E-4676-9191-CBA16972B21D}" colspan="1" showlabel="false" ordinalvalue="10001">
                                <labels>
                                  <label description="Primary Contact" languagecode="1033" solutionaction="Added" />
                                </labels>
                              </cell>
                            </row>
                            <row>
                              <cell id="{8e24c7e3-6a40-5abb-eadb-254eba5478e2}" showlabel="true" colspan="1" auto="false" rowspan="7" ordinalvalue="10002">
                                <control id="Contacts" classid="{E7A81278-8635-4d9e-8D4D-59480B391C5B}">
                                  <parameters>
                                    <VisualizationId />
                                  </parameters>
                                </control>
                              </cell>
                            </row>
                          </rows>
                        </section>
                      </sections>
                    </column>
                  </columns>
                </tab>
                <tab name="DETAILS_TAB" id="{11a42c72-9ded-ea04-253d-2143e731b795}" IsUserDefined="0" showlabel="true" expanded="true" ordinalvalue="1">
                  <columns>
                    <column width="34%" id="0">
                      <sections>
                        <section name="COMPANY_PROFILE" showlabel="true" showbar="false" id="{ca8587c5-18c0-cac1-7c34-6c639eade090}" IsUserDefined="0" layout="varwidth" columns="1" labelwidth="115" celllabelposition="Left" ordinalvalue="0">
                          <rows>
                            <row>
                              <cell id="{59782911-4d1a-38dc-ce49-7dae620dbc51}" showlabel="true" ordinalvalue="10000">
                                <labels>
                                  <label description="Industry" languagecode="1033" solutionaction="Added" />
                                </labels>
                              </cell>
                            </row>
                            <row>
                              <cell id="{930beba3-d531-0808-c403-de95e2ac3e62}" showlabel="true" ordinalvalue="10001">
                                <labels>
                                  <label description="SIC Code" languagecode="1033" solutionaction="Added" />
                                </labels>
                              </cell>
                            </row>
                            <row>
                              <cell id="{1c33ad89-92a1-8433-2378-306259eb57c0}" showlabel="true" ordinalvalue="10002">
                                <labels>
                                  <label description="Ownership" languagecode="1033" solutionaction="Added" />
                                </labels>
                              </cell>
                            </row>
                          </rows>
                        </section>
                        <section name="DETAILS_TAB_section_6" showlabel="true" showbar="false" locklevel="0" id="{e201b9ce-c3d5-c922-dba5-528c25066940}" IsUserDefined="0" layout="varwidth" columns="1" labelwidth="115" celllabelalignment="Left" celllabelposition="Top" height="auto" ordinalvalue="1">
                          <rows>
                            <row>
                              <cell id="{a4a726a2-8e3e-79d0-02c3-0a04a6b71089}" showlabel="false" locklevel="0" rowspan="3" auto="true" ordinalvalue="10000">
                                <labels>
                                  <label description="Description" languagecode="1033" solutionaction="Added" />
                                </labels>
                              </cell>
                            </row>
                          </rows>
                        </section>
                      </sections>
                    </column>
                    <column width="33%" id="1">
                      <sections>
                        <section name="MARKETING" showlabel="true" locklevel="0" showbar="false" id="{767ab9cb-cb99-45f4-bd68-32742a864c7c}" IsUserDefined="0" layout="varheight" columns="1" labelwidth="115" celllabelposition="Left" ordinalvalue="0">
                          <rows>
                            <row>
                              <cell id="{b9c3d8fd-12a2-4474-b937-43da8Be00e6f}" ordinalvalue="10000">
                                <labels>
                                  <label description="Originating Lead" languagecode="1033" solutionaction="Added" />
                                </labels>
                              </cell>
                            </row>
                          </rows>
                        </section>
                      </sections>
                    </column>
                    <column width="33%" id="2">
                      <sections>
                        <section name="BILLING" showlabel="true" showbar="false" id="{910de80a-a17e-092a-255d-44d775cb4207}" IsUserDefined="0" layout="varwidth" columns="1" labelwidth="115" celllabelposition="Left" locklevel="0" celllabelalignment="Left" ordinalvalue="0">
                          <rows>
                            <row>
                              <cell id="{7cd2b88c-b25c-4729-9c27-f59ebb5a1538}" ordinalvalue="10000">
                                <labels>
                                  <label description="Currency" languagecode="1033" solutionaction="Added" />
                                </labels>
                              </cell>
                            </row>
                            <row>
                              <cell id="{0125719c-a5b0-4230-9817-3fba5d6ebfaf}" ordinalvalue="10001">
                                <labels>
                                  <label description="Credit Limit" languagecode="1033" solutionaction="Added" />
                                </labels>
                              </cell>
                            </row>
                            <row>
                              <cell id="{abc2c862-bcd4-4a4b-ac51-c311d4e66d5b}" ordinalvalue="10002">
                                <labels>
                                  <label description="Credit Hold" languagecode="1033" solutionaction="Added" />
                                </labels>
                              </cell>
                            </row>
                            <row>
                              <cell id="{0bab9157-d14e-441f-969d-80460634c15e}" ordinalvalue="10003">
                                <labels>
                                  <label description="Payment Terms" languagecode="1033" solutionaction="Added" />
                                </labels>
                              </cell>
                            </row>
                          </rows>
                        </section>
                      </sections>
                    </column>
                  </columns>
                </tab>
              </tabs>
              <events>
                <event name="onload" application="true" active="true">
                  <Handlers>
                    <Handler functionName="Sdk.formOnLoad" libraryName="sample_/JScript/Account.js" handlerUniqueId="{6ac9e576-3b71-6729-548b-48ea020103eb}" enabled="true" parameters="" passExecutionContext="true" ordinalvalue="1" solutionaction="Added" />
                  </Handlers>
                </event>
                <event name="onchange" application="false" active="false" attribute="name" solutionaction="Added">
                  <Handlers>
                    <Handler functionName="Sdk.attributeOnChange" libraryName="sample_/JScript/Account.js" handlerUniqueId="{317b588c-14b9-ae41-2698-671de9ed280b}" enabled="true" parameters="" passExecutionContext="true" ordinalvalue="0" />
                  </Handlers>
                </event>
                <event name="onsave" application="false" active="false" solutionaction="Added">
                  <Handlers>
                    <Handler functionName="Sdk.formOnSave" libraryName="sample_/JScript/Account.js" handlerUniqueId="{ab50707d-38c7-ec26-2976-3b3ea88bae52}" enabled="true" parameters="" passExecutionContext="false" ordinalvalue="0" />
                  </Handlers>
                </event>
              </events>
              <header id="{d5a03552-1183-4347-a237-1f894ba449eb}" columns="111" celllabelposition="Top" labelwidth="115">
                <rows>
                  <row>
                    <cell id="{d3e19d4e-b2ae-409f-9b4e-5976527c6c83}" ordinalvalue="10000">
                      <labels>
                        <label description="Annual Revenue" languagecode="1033" solutionaction="Added" />
                      </labels>
                    </cell>
                    <cell id="{2adb5a52-604d-5aad-ba6a-2bbab6c33594}" showlabel="true" ordinalvalue="20001">
                      <labels>
                        <label description="Number of Employees" languagecode="1033" solutionaction="Added" />
                      </labels>
                    </cell>
                    <cell id="{54b2d0a2-eb77-b3cd-b60a-03ea6944e98e}" showlabel="true" locklevel="1" ordinalvalue="30002">
                      <labels>
                        <label description="Owner" languagecode="1033" solutionaction="Added" />
                      </labels>
                    </cell>
                  </row>
                </rows>
              </header>
              <Navigation>
                <NavBarAreas solutionaction="Added">
                  <NavBarArea Id="Info">
                    <Titles>
                      <Title LCID="1033" Text="Common" />
                    </Titles>
                  </NavBarArea>
                  <NavBarArea Id="Sales">
                    <Titles>
                      <Title LCID="1033" Text="Sales" />
                    </Titles>
                  </NavBarArea>
                  <NavBarArea Id="Service">
                    <Titles>
                      <Title LCID="1033" Text="Service" />
                    </Titles>
                  </NavBarArea>
                  <NavBarArea Id="Marketing">
                    <Titles>
                      <Title LCID="1033" Text="Marketing" />
                    </Titles>
                  </NavBarArea>
                  <NavBarArea Id="ProcessCenter">
                    <Titles>
                      <Title LCID="1033" Text="Process Sessions" />
                    </Titles>
                  </NavBarArea>
                </NavBarAreas>
              </Navigation>
              <formLibraries solutionaction="Added">
                <Library name="sample_/JScript/Account.js" libraryUniqueId="{6a276c03-65d2-255e-3080-7edc1e475400}" />
              </formLibraries>
            </form>
            <LocalizedNames>
              <LocalizedName description="Account" languagecode="1033" />
            </LocalizedNames>
            <Descriptions>
              <Description description="Updated default Account form." languagecode="1033" />
            </Descriptions>
          </systemform>
        </forms>
      </FormXml>
      <RibbonDiffXml>
        <CustomActions />
        <Templates>
          <RibbonTemplates Id="Mscrm.Templates"></RibbonTemplates>
        </Templates>
        <CommandDefinitions />
        <RuleDefinitions>
          <TabDisplayRules />
          <DisplayRules />
          <EnableRules />
        </RuleDefinitions>
        <LocLabels />
      </RibbonDiffXml>
    </Entity>
    <Entity>
      <Name LocalizedName="Contact" OriginalName="">Contact</Name>
      <RibbonDiffXml>
        <CustomActions>
          <CustomAction Id="sample.mat.contact.addresslookup.Button.CustomAction" Location="Mscrm.Form.contact.MainTab.Save.Controls._children" Sequence="38">
            <CommandUIDefinition>
              <Button Command="mat.contact.addresslookup.Command" Id="mat.contact.addresslookup.Button" LabelText="$LocLabels:mat.contact.addresslookup.Button.LabelText" Sequence="38" TemplateAlias="o1" ModernImage="$webresource:mat_/map-pin.svg" />
            </CommandUIDefinition>
          </CustomAction>
        </CustomActions>
        <Templates>
          <RibbonTemplates Id="Mscrm.Templates"></RibbonTemplates>
        </Templates>
        <CommandDefinitions>
          <CommandDefinition Id="mat.contact.addresslookup.Command">
            <EnableRules />
            <DisplayRules />
            <Actions>
              <JavaScriptFunction FunctionName="openWebResource" Library="$webresource:mat_/address.ribbon.js" />
            </Actions>
          </CommandDefinition>
        </CommandDefinitions>
        <RuleDefinitions>
          <TabDisplayRules />
          <DisplayRules />
          <EnableRules />
        </RuleDefinitions>
        <LocLabels>
          <LocLabel Id="mat.contact.addresslookup.Button.LabelText">
            <Titles>
              <Title description="Lookup CH Address" languagecode="1033" />
            </Titles>
          </LocLabel>
        </LocLabels>
      </RibbonDiffXml>
    </Entity>
  </Entities>
  <Roles />
  <Workflows />
  <FieldSecurityProfiles />
  <Templates />
  <IsvConfig>
    <configuration version="3.0.0000.0">
      <Root />
      <ServiceManagement>
        <AppointmentBook>
          <SmoothScrollLimit>2000</SmoothScrollLimit>
          <TimeBlocks>
            <TimeBlock EntityType="4214" StatusCode="1" CssClass="ganttBlockServiceActivityStatus1" />
            <TimeBlock EntityType="4214" StatusCode="2" CssClass="ganttBlockServiceActivityStatus2" />
            <TimeBlock EntityType="4214" StatusCode="3" CssClass="ganttBlockServiceActivityStatus3" />
            <TimeBlock EntityType="4214" StatusCode="4" CssClass="ganttBlockServiceActivityStatus4" />
            <TimeBlock EntityType="4214" StatusCode="6" CssClass="ganttBlockServiceActivityStatus6" />
            <TimeBlock EntityType="4214" StatusCode="7" CssClass="ganttBlockServiceActivityStatus7" />
            <TimeBlock EntityType="4214" StatusCode="8" CssClass="ganttBlockServiceActivityStatus8" />
            <TimeBlock EntityType="4214" StatusCode="9" CssClass="ganttBlockServiceActivityStatus9" />
            <TimeBlock EntityType="4214" StatusCode="10" CssClass="ganttBlockServiceActivityStatus10" />
            <TimeBlock EntityType="4201" StatusCode="1" CssClass="ganttBlockAppointmentStatus1" />
            <TimeBlock EntityType="4201" StatusCode="2" CssClass="ganttBlockAppointmentStatus2" />
            <TimeBlock EntityType="4201" StatusCode="3" CssClass="ganttBlockAppointmentStatus3" />
            <TimeBlock EntityType="4201" StatusCode="4" CssClass="ganttBlockAppointmentStatus4" />
            <TimeBlock EntityType="4201" StatusCode="5" CssClass="ganttBlockAppointmentStatus5" />
            <TimeBlock EntityType="4201" StatusCode="6" CssClass="ganttBlockAppointmentStatus6" />
          </TimeBlocks>
        </AppointmentBook>
      </ServiceManagement>
    </configuration>
  </IsvConfig>
  <RelationshipRoles />
  <EntityMaps />
  <EntityRelationships />
  <OrganizationSettings>
    <general>
      <fullnameconventioncode>1</fullnameconventioncode>
      <numberformat>us</numberformat>
      <negativeformatcode>1</negativeformatcode>
      <currencysymbol>$</currencysymbol>
      <currencyformatcode>0</currencyformatcode>
      <pricingdecimalprecision>2</pricingdecimalprecision>
      <sharetopreviousowneronassign>False</sharetopreviousowneronassign>
      <blockedattachments>ade;adp;app;asa;ashx;asmx;asp;bas;bat;cdx;cer;chm;class;cmd;com;config;cpl;crt;csh;dll;exe;fxp;hlp;hta;htr;htw;ida;idc;idq;inf;ins;isp;its;jar;js;jse;ksh;lnk;mad;maf;mag;mam;maq;mar;mas;mat;mau;mav;maw;mda;mdb;mde;mdt;mdw;mdz;msc;msh;msh1;msh1xml;msh2;msh2xml;mshxml;msi;msp;mst;ops;pcd;pif;prf;prg;printer;pst;reg;rem;scf;scr;sct;shb;shs;shtm;shtml;soap;stm;tmp;url;vb;vbe;vbs;vsmacros;vss;vst;vsw;ws;wsc;wsf;wsh</blockedattachments>
      <getstartedpanecontentenabled>True</getstartedpanecontentenabled>
      <ispresenceenabled>True</ispresenceenabled>
      <isautosaveenabled>True</isautosaveenabled>
      <globalhelpurl></globalhelpurl>
      <globalhelpurlenabled>False</globalhelpurlenabled>
      <globalappendurlparametersenabled>False</globalappendurlparametersenabled>
      <istextwrapenabled>True</istextwrapenabled>
      <enablelivepersonacarduci>True</enablelivepersonacarduci>
      <allowlegacydialogsembedding>True</allowlegacydialogsembedding>
    </general>
    <calendar>
      <weekstartdaycode>0</weekstartdaycode>
      <calendartype>0</calendartype>
      <dateformatcode>2</dateformatcode>
      <dateseparator>/</dateseparator>
      <timeformatcode>0</timeformatcode>
      <showweeknumber>False</showweeknumber>
      <maxappointmentdurationdays>10</maxappointmentdurationdays>
    </calendar>
    <email>
      <trackingprefix>CRM:;</trackingprefix>
      <trackingtokenidbase>0</trackingtokenidbase>
      <trackingtokeniddigits>3</trackingtokeniddigits>
      <maximumtrackingnumber>999</maximumtrackingnumber>
      <ignoreinternalemail>False</ignoreinternalemail>
      <rendersecureiframeforemail>False</rendersecureiframeforemail>
      <allowunresolvedpartiesonemailsend>False</allowunresolvedpartiesonemailsend>
    </email>
    <marketing>
      <allowmarketingemailexecution>True</allowmarketingemailexecution>
      <allowautoresponsecreation>True</allowautoresponsecreation>
      <allowautounsubscribe>False</allowautounsubscribe>
      <allowautounsubscribeacknowledgement>False</allowautounsubscribeacknowledgement>
    </marketing>
    <customization>
      <isappmode>False</isappmode>
    </customization>
    <outlookSynchronization>
      <tagpollingperiod>600000</tagpollingperiod>
      <tagmaxaggressivecycles>2</tagmaxaggressivecycles>
      <allowoutlookscheduledsyncs>True</allowoutlookscheduledsyncs>
      <minoutlooksyncinterval>900000</minoutlooksyncinterval>
      <emailsendpollingperiod>600000</emailsendpollingperiod>
      <allowofflinescheduledsyncs>True</allowofflinescheduledsyncs>
      <minofflinesyncinterval>900000</minofflinesyncinterval>
      <allowaddressbooksyncs>True</allowaddressbooksyncs>
      <minaddressbooksyncinterval>3600000</minaddressbooksyncinterval>
    </outlookSynchronization>
    <sales>
      <useinbuiltrulefordefaultpricelistselection>True</useinbuiltrulefordefaultpricelistselection>
      <maxproductsinbundle>15</maxproductsinbundle>
      <oobpricecalculationenabled>True</oobpricecalculationenabled>
      <discountcalculationmethod>0</discountcalculationmethod>
      <maximumdynamicpropertiesallowed>50</maximumdynamicpropertiesallowed>
      <createproductswithoutparentinactivestate>False</createproductswithoutparentinactivestate>
    </sales>
  </OrganizationSettings>
  <optionsets />
  <WebResources>
    <WebResource>
      <WebResourceId>{8cbfdb88-2bd6-ea11-a813-000d3a666a27}</WebResourceId>
      <Name>sample_/JScript/Account.js</Name>
      <DisplayName>Account.js</DisplayName>
      <WebResourceType>3</WebResourceType>
      <IntroducedVersion>0.0.0.12</IntroducedVersion>
      <IsEnabledForMobileClient>0</IsEnabledForMobileClient>
      <IsAvailableForMobileOffline>0</IsAvailableForMobileOffline>
      <DependencyXml>&lt;Dependencies&gt;&lt;Dependency componentType="WebResource"/&gt;&lt;/Dependencies&gt;</DependencyXml>
      <IsCustomizable>1</IsCustomizable>
      <CanBeDeleted>1</CanBeDeleted>
      <IsHidden>0</IsHidden>
      <FileName>/WebResources/sample_JScriptAccountjs8CBFDB88-2BD6-EA11-A813-000D3A666A27</FileName>
    </WebResource>
    <WebResource>
      <WebResourceId>{9527734c-e4c1-ea11-a812-000d3ab2c269}</WebResourceId>
      <Name>sample_/JScript/Contact.js</Name>
      <DisplayName>Contact.js</DisplayName>
      <WebResourceType>3</WebResourceType>
      <IntroducedVersion>0.0.0.1</IntroducedVersion>
      <IsEnabledForMobileClient>0</IsEnabledForMobileClient>
      <IsAvailableForMobileOffline>0</IsAvailableForMobileOffline>
      <DependencyXml>&lt;Dependencies&gt;&lt;Dependency componentType="WebResource"/&gt;&lt;/Dependencies&gt;</DependencyXml>
      <IsCustomizable>1</IsCustomizable>
      <CanBeDeleted>1</CanBeDeleted>
      <IsHidden>0</IsHidden>
      <FileName>/WebResources/sample_JScriptContactjs9527734C-E4C1-EA11-A812-000D3AB2C269</FileName>
    </WebResource>
  </WebResources>
  <CustomControls />
  <SolutionPluginAssemblies>
    <PluginAssembly FullName="Sample.Plugins, Version=1.0.0.0, Culture=neutral, PublicKeyToken=c720feec9a542abf" PluginAssemblyId="ca8e9d63-f85c-4f01-96ef-67edb4336337" CustomizationLevel="1">
      <IsolationMode>2</IsolationMode>
      <SourceType>0</SourceType>
      <IntroducedVersion>1.0</IntroducedVersion>
      <FileName>/PluginAssemblies/SamplePlugins-CA8E9D63-F85C-4F01-96EF-67EDB4336337/SamplePlugins.dll</FileName>
      <PluginTypes>
        <PluginType AssemblyQualifiedName="Sample.Plugins.AccountPostCreateAsync, Sample.Plugins, Version=1.0.0.0, Culture=neutral, PublicKeyToken=c720feec9a542abf" PluginTypeId="be020891-4113-43e8-9603-12103fa5a3ab" Name="Sample.Plugins.AccountPostCreateAsync">
          <FriendlyName>b187e9c5-3bcb-44ee-8b87-875911158161</FriendlyName>
        </PluginType>
        <PluginType AssemblyQualifiedName="Sample.Plugins.ContactPostCreateAsync, Sample.Plugins, Version=1.0.0.0, Culture=neutral, PublicKeyToken=c720feec9a542abf" PluginTypeId="8342a7e6-250f-4068-8821-6aa110d7751b" Name="Sample.Plugins.ContactPostCreateAsync">
          <FriendlyName>c928abfc-6142-4ad6-9861-d3f21017b302</FriendlyName>
        </PluginType>
        <PluginType AssemblyQualifiedName="Sample.Plugins.ContactPreOperation, Sample.Plugins, Version=1.0.0.0, Culture=neutral, PublicKeyToken=c720feec9a542abf" PluginTypeId="bd350068-0e98-4358-8c48-ff171a59979d" Name="Sample.Plugins.ContactPreOperation">
          <FriendlyName>060a1b36-6f38-4026-a232-26bde5752aad</FriendlyName>
        </PluginType>
      </PluginTypes>
    </PluginAssembly>
    <PluginAssembly FullName="Sample.WFActivities, Version=1.0.0.0, Culture=neutral, PublicKeyToken=d805730d823d6a57" PluginAssemblyId="d369d6f3-8b62-4e72-ab9e-3e8783f1906c" CustomizationLevel="1">
      <IsolationMode>2</IsolationMode>
      <SourceType>0</SourceType>
      <IntroducedVersion>1.0</IntroducedVersion>
      <FileName>/PluginAssemblies/SampleWFActivities-D369D6F3-8B62-4E72-AB9E-3E8783F1906C/SampleWFActivities.dll</FileName>
      <PluginTypes>
        <PluginType AssemblyQualifiedName="Sample.WFActivities.Send, Sample.WFActivities, Version=1.0.0.0, Culture=neutral, PublicKeyToken=d805730d823d6a57" PluginTypeId="4648035b-409a-445e-9f04-4c2b3d161a64" Name="Sample.WFActivities.Send">
          <FriendlyName>99336786-5cd3-431b-9919-c4ee675ceecd</FriendlyName>
          <WorkflowActivityGroupName>Sample.WFActivities (1.0.0.0)</WorkflowActivityGroupName>
        </PluginType>
      </PluginTypes>
    </PluginAssembly>
  </SolutionPluginAssemblies>
  <SdkMessageProcessingSteps>
    <SdkMessageProcessingStep Name="Sample.Plugins.AccountPostCreateAsync: Create of account" SdkMessageProcessingStepId="{42f6f2dc-dfc1-ea11-a812-000d3ab2c269}">
      <SdkMessageId>9ebdbb1b-ea3e-db11-86a7-000a3a5473e8</SdkMessageId>
      <PluginTypeName>Sample.Plugins.AccountPostCreateAsync, Sample.Plugins, Version=1.0.0.0, Culture=neutral, PublicKeyToken=c720feec9a542abf</PluginTypeName>
      <PluginTypeId>be020891-4113-43e8-9603-12103fa5a3ab</PluginTypeId>
      <PrimaryEntity>account</PrimaryEntity>
      <AsyncAutoDelete>1</AsyncAutoDelete>
      <Description>Sample.Plugins.AccountPostCreateAsync: Create of account</Description>
      <FilteringAttributes></FilteringAttributes>
      <InvocationSource>1</InvocationSource>
      <Mode>1</Mode>
      <Rank>1</Rank>
      <EventHandlerTypeCode>4602</EventHandlerTypeCode>
      <Stage>40</Stage>
      <IsCustomizable>1</IsCustomizable>
      <IsHidden>0</IsHidden>
      <SupportedDeployment>0</SupportedDeployment>
      <IntroducedVersion>1.0</IntroducedVersion>
      <SdkMessageProcessingStepImages />
    </SdkMessageProcessingStep>
    <SdkMessageProcessingStep Name="Sample.Plugins.ContactPreOperation: Create of contact" SdkMessageProcessingStepId="{610ccbac-e3c1-ea11-a812-000d3ab2c269}">
      <SdkMessageId>9ebdbb1b-ea3e-db11-86a7-000a3a5473e8</SdkMessageId>
      <PluginTypeName>Sample.Plugins.ContactPreOperation, Sample.Plugins, Version=1.0.0.0, Culture=neutral, PublicKeyToken=c720feec9a542abf</PluginTypeName>
      <PluginTypeId>bd350068-0e98-4358-8c48-ff171a59979d</PluginTypeId>
      <PrimaryEntity>contact</PrimaryEntity>
      <AsyncAutoDelete>0</AsyncAutoDelete>
      <Description>Sample.Plugins.ContactPreOperation: Create of contact</Description>
      <FilteringAttributes></FilteringAttributes>
      <InvocationSource>1</InvocationSource>
      <Mode>0</Mode>
      <Rank>1</Rank>
      <EventHandlerTypeCode>4602</EventHandlerTypeCode>
      <Stage>20</Stage>
      <IsCustomizable>1</IsCustomizable>
      <IsHidden>0</IsHidden>
      <SupportedDeployment>0</SupportedDeployment>
      <IntroducedVersion>1.0</IntroducedVersion>
      <SdkMessageProcessingStepImages />
    </SdkMessageProcessingStep>
    <SdkMessageProcessingStep Name="Sample.Plugins.ContactPostCreateAsync: Create of contact" SdkMessageProcessingStepId="{a773639b-e3c1-ea11-a812-000d3ab2c269}">
      <SdkMessageId>9ebdbb1b-ea3e-db11-86a7-000a3a5473e8</SdkMessageId>
      <PluginTypeName>Sample.Plugins.ContactPostCreateAsync, Sample.Plugins, Version=1.0.0.0, Culture=neutral, PublicKeyToken=c720feec9a542abf</PluginTypeName>
      <PluginTypeId>8342a7e6-250f-4068-8821-6aa110d7751b</PluginTypeId>
      <PrimaryEntity>contact</PrimaryEntity>
      <AsyncAutoDelete>1</AsyncAutoDelete>
      <Description>Sample.Plugins.ContactPostCreateAsync: Create of contact</Description>
      <FilteringAttributes></FilteringAttributes>
      <InvocationSource>1</InvocationSource>
      <Mode>1</Mode>
      <Rank>1</Rank>
      <EventHandlerTypeCode>4602</EventHandlerTypeCode>
      <Stage>40</Stage>
      <IsCustomizable>1</IsCustomizable>
      <IsHidden>0</IsHidden>
      <SupportedDeployment>0</SupportedDeployment>
      <IntroducedVersion>1.0</IntroducedVersion>
      <SdkMessageProcessingStepImages />
    </SdkMessageProcessingStep>
  </SdkMessageProcessingSteps>
  <EntityDataProviders />
  <Languages>
    <Language>1033</Language>
  </Languages>
</ImportExportXml>