﻿<?xml version="1.0" encoding="utf-8"?><entities timestamp="2020-10-01T05:53:33.2003480Z" xmlns:xsd="http://www.w3.org/2001/XMLSchema" xmlns:xsi="http://www.w3.org/2001/XMLSchema-instance"><entity name="account" displayname="Account"><records><record id="e91b3e48-54fa-ea11-a812-000d3ab5549a"><field name="name" value="Fourth Coffee (sample)" /></record><record id="eb1b3e48-54fa-ea11-a812-000d3ab5549a"><field name="name" value="Litware, Inc. (sample)" /></record><record id="ed1b3e48-54fa-ea11-a812-000d3ab5549a"><field name="name" value="Adventure Works (sample)" /></record><record id="ef1b3e48-54fa-ea11-a812-000d3ab5549a"><field name="name" value="Fabrikam, Inc. (sample)" /></record><record id="f11b3e48-54fa-ea11-a812-000d3ab5549a"><field name="name" value="Blue Yonder Airlines (sample)" /></record><record id="f31b3e48-54fa-ea11-a812-000d3ab5549a"><field name="name" value="City Power &amp;amp; Light (sample)" /></record><record id="f51b3e48-54fa-ea11-a812-000d3ab5549a"><field name="name" value="Contoso Pharmaceuticals (sample)" /></record><record id="f71b3e48-54fa-ea11-a812-000d3ab5549a"><field name="name" value="Alpine Ski House (sample)" /></record><record id="f91b3e48-54fa-ea11-a812-000d3ab5549a"><field name="name" value="A. Datum Corporation (sample)" /></record><record id="fb1b3e48-54fa-ea11-a812-000d3ab5549a"><field name="name" value="Coho Winery (sample)" /></record></records><m2mrelationships /></entity></entities>